name,type,displayName,pipLocation,displayPrecision,tradeUnitsPrecision,minimumTradeSize,maximumTrailingStopDistance,minimumTrailingStopDistance,maximumPositionSize,maximumOrderUnits,marginRate,guaranteedStopLossOrderMode,tags,financing
USD_ZAR,CURRENCY,USD/ZAR,-4,5,0,1,1.00000,0.00050,0,100000000,0.07,DISABLED,"[{'type': 'ASSET_CLASS', 'name': 'CURRENCY'}, {'type': 'BRAIN_ASSET_CLASS', 'name': 'FX'}]","{'longRate': '-0.0495', 'shortRate': '0.0088', 'financingDaysOfWeek': [{'dayOfWeek': 'MONDAY', 'daysCharged': 1}, {'dayOfWeek': 'TUESDAY', 'daysCharged': 1}, {'dayOfWeek': 'WEDNESDAY', 'daysCharged': 3}, {'dayOfWeek': 'THURSDAY', 'daysCharged': 1}, {'dayOfWeek': 'FRIDAY', 'daysCharged': 1}, {'dayOfWeek': 'SATURDAY', 'daysCharged': 0}, {'dayOfWeek': 'SUNDAY', 'daysCharged': 0}]}"
CAD_JPY,CURRENCY,CAD/JPY,-2,3,0,1,100.000,0.050,0,100000000,0.05,DISABLED,"[{'type': 'ASSET_CLASS', 'name': 'CURRENCY'}, {'type': 'BRAIN_ASSET_CLASS', 'name': 'FX'}]","{'longRate': '0', 'shortRate': '0', 'financingDaysOfWeek': [{'dayOfWeek': 'MONDAY', 'daysCharged': 0}, {'dayOfWeek': 'TUESDAY', 'daysCharged': 0}, {'dayOfWeek': 'WEDNESDAY', 'daysCharged': 4}, {'dayOfWeek': 'THURSDAY', 'daysCharged': 1}, {'dayOfWeek': 'FRIDAY', 'daysCharged': 0}, {'dayOfWeek': 'SATURDAY', 'daysCharged': 0}, {'dayOfWeek': 'SUNDAY', 'daysCharged': 0}]}"
CAD_HKD,CURRENCY,CAD/HKD,-4,5,0,1,1.00000,0.00050,0,100000000,0.1,DISABLED,"[{'type': 'ASSET_CLASS', 'name': 'CURRENCY'}, {'type': 'BRAIN_ASSET_CLASS', 'name': 'FX'}]","{'longRate': '-0.0174', 'shortRate': '-0.0153', 'financingDaysOfWeek': [{'dayOfWeek': 'MONDAY', 'daysCharged': 1}, {'dayOfWeek': 'TUESDAY', 'daysCharged': 1}, {'dayOfWeek': 'WEDNESDAY', 'daysCharged': 3}, {'dayOfWeek': 'THURSDAY', 'daysCharged': 1}, {'dayOfWeek': 'FRIDAY', 'daysCharged': 1}, {'dayOfWeek': 'SATURDAY', 'daysCharged': 0}, {'dayOfWeek': 'SUNDAY', 'daysCharged': 0}]}"
EUR_NOK,CURRENCY,EUR/NOK,-4,5,0,1,1.00000,0.00050,0,100000000,0.07,DISABLED,"[{'type': 'ASSET_CLASS', 'name': 'CURRENCY'}, {'type': 'BRAIN_ASSET_CLASS', 'name': 'FX'}]","{'longRate': '-0.0149', 'shortRate': '-0.0072', 'financingDaysOfWeek': [{'dayOfWeek': 'MONDAY', 'daysCharged': 1}, {'dayOfWeek': 'TUESDAY', 'daysCharged': 1}, {'dayOfWeek': 'WEDNESDAY', 'daysCharged': 3}, {'dayOfWeek': 'THURSDAY', 'daysCharged': 1}, {'dayOfWeek': 'FRIDAY', 'daysCharged': 1}, {'dayOfWeek': 'SATURDAY', 'daysCharged': 0}, {'dayOfWeek': 'SUNDAY', 'daysCharged': 0}]}"
USD_PLN,CURRENCY,USD/PLN,-4,5,0,1,1.00000,0.00050,0,100000000,0.05,DISABLED,"[{'type': 'ASSET_CLASS', 'name': 'CURRENCY'}, {'type': 'BRAIN_ASSET_CLASS', 'name': 'FX'}]","{'longRate': '-0.0121', 'shortRate': '-0.0088', 'financingDaysOfWeek': [{'dayOfWeek': 'MONDAY', 'daysCharged': 1}, {'dayOfWeek': 'TUESDAY', 'daysCharged': 1}, {'dayOfWeek': 'WEDNESDAY', 'daysCharged': 3}, {'dayOfWeek': 'THURSDAY', 'daysCharged': 1}, {'dayOfWeek': 'FRIDAY', 'daysCharged': 1}, {'dayOfWeek': 'SATURDAY', 'daysCharged': 0}, {'dayOfWeek': 'SUNDAY', 'daysCharged': 0}]}"
GBP_AUD,CURRENCY,GBP/AUD,-4,5,0,1,1.00000,0.00050,0,100000000,0.05,DISABLED,"[{'type': 'ASSET_CLASS', 'name': 'CURRENCY'}, {'type': 'BRAIN_ASSET_CLASS', 'name': 'FX'}]","{'longRate': '-0.00020', 'shortRate': '-0.0202', 'financingDaysOfWeek': [{'dayOfWeek': 'MONDAY', 'daysCharged': 1}, {'dayOfWeek': 'TUESDAY', 'daysCharged': 1}, {'dayOfWeek': 'WEDNESDAY', 'daysCharged': 3}, {'dayOfWeek': 'THURSDAY', 'daysCharged': 1}, {'dayOfWeek': 'FRIDAY', 'daysCharged': 1}, {'dayOfWeek': 'SATURDAY', 'daysCharged': 0}, {'dayOfWeek': 'SUNDAY', 'daysCharged': 0}]}"
GBP_CHF,CURRENCY,GBP/CHF,-4,5,0,1,1.00000,0.00050,0,100000000,0.05,DISABLED,"[{'type': 'ASSET_CLASS', 'name': 'CURRENCY'}, {'type': 'BRAIN_ASSET_CLASS', 'name': 'FX'}]","{'longRate': '0.0245', 'shortRate': '-0.0469', 'financingDaysOfWeek': [{'dayOfWeek': 'MONDAY', 'daysCharged': 0}, {'dayOfWeek': 'TUESDAY', 'daysCharged': 1}, {'dayOfWeek': 'WEDNESDAY', 'daysCharged': 3}, {'dayOfWeek': 'THURSDAY', 'daysCharged': 1}, {'dayOfWeek': 'FRIDAY', 'daysCharged': 1}, {'dayOfWeek': 'SATURDAY', 'daysCharged': 0}, {'dayOfWeek': 'SUNDAY', 'daysCharged': 0}]}"
USD_THB,CURRENCY,USD/THB,-2,3,0,1,100.000,0.050,0,100000000,0.05,DISABLED,"[{'type': 'ASSET_CLASS', 'name': 'CURRENCY'}, {'type': 'BRAIN_ASSET_CLASS', 'name': 'FX'}]","{'longRate': '-0.0326', 'shortRate': '-0.1169', 'financingDaysOfWeek': [{'dayOfWeek': 'MONDAY', 'daysCharged': 1}, {'dayOfWeek': 'TUESDAY', 'daysCharged': 1}, {'dayOfWeek': 'WEDNESDAY', 'daysCharged': 3}, {'dayOfWeek': 'THURSDAY', 'daysCharged': 1}, {'dayOfWeek': 'FRIDAY', 'daysCharged': 1}, {'dayOfWeek': 'SATURDAY', 'daysCharged': 0}, {'dayOfWeek': 'SUNDAY', 'daysCharged': 0}]}"
USD_SGD,CURRENCY,USD/SGD,-4,5,0,1,1.00000,0.00050,0,100000000,0.05,DISABLED,"[{'type': 'ASSET_CLASS', 'name': 'CURRENCY'}, {'type': 'BRAIN_ASSET_CLASS', 'name': 'FX'}]","{'longRate': '0.0041', 'shortRate': '-0.0268', 'financingDaysOfWeek': [{'dayOfWeek': 'MONDAY', 'daysCharged': 1}, {'dayOfWeek': 'TUESDAY', 'daysCharged': 1}, {'dayOfWeek': 'WEDNESDAY', 'daysCharged': 3}, {'dayOfWeek': 'THURSDAY', 'daysCharged': 1}, {'dayOfWeek': 'FRIDAY', 'daysCharged': 1}, {'dayOfWeek': 'SATURDAY', 'daysCharged': 0}, {'dayOfWeek': 'SUNDAY', 'daysCharged': 0}]}"
EUR_SEK,CURRENCY,EUR/SEK,-4,5,0,1,1.00000,0.00050,0,100000000,0.03,DISABLED,"[{'type': 'ASSET_CLASS', 'name': 'CURRENCY'}, {'type': 'BRAIN_ASSET_CLASS', 'name': 'FX'}]","{'longRate': '-0.0102', 'shortRate': '-0.0117', 'financingDaysOfWeek': [{'dayOfWeek': 'MONDAY', 'daysCharged': 1}, {'dayOfWeek': 'TUESDAY', 'daysCharged': 1}, {'dayOfWeek': 'WEDNESDAY', 'daysCharged': 3}, {'dayOfWeek': 'THURSDAY', 'daysCharged': 1}, {'dayOfWeek': 'FRIDAY', 'daysCharged': 1}, {'dayOfWeek': 'SATURDAY', 'daysCharged': 0}, {'dayOfWeek': 'SUNDAY', 'daysCharged': 0}]}"
AUD_JPY,CURRENCY,AUD/JPY,-2,3,0,1,100.000,0.050,0,100000000,0.05,DISABLED,"[{'type': 'ASSET_CLASS', 'name': 'CURRENCY'}, {'type': 'BRAIN_ASSET_CLASS', 'name': 'FX'}]","{'longRate': '0', 'shortRate': '0', 'financingDaysOfWeek': [{'dayOfWeek': 'MONDAY', 'daysCharged': 0}, {'dayOfWeek': 'TUESDAY', 'daysCharged': 0}, {'dayOfWeek': 'WEDNESDAY', 'daysCharged': 4}, {'dayOfWeek': 'THURSDAY', 'daysCharged': 1}, {'dayOfWeek': 'FRIDAY', 'daysCharged': 0}, {'dayOfWeek': 'SATURDAY', 'daysCharged': 0}, {'dayOfWeek': 'SUNDAY', 'daysCharged': 0}]}"
EUR_ZAR,CURRENCY,EUR/ZAR,-4,5,0,1,1.00000,0.00050,0,100000000,0.07,DISABLED,"[{'type': 'ASSET_CLASS', 'name': 'CURRENCY'}, {'type': 'BRAIN_ASSET_CLASS', 'name': 'FX'}]","{'longRate': '-0.0847', 'shortRate': '0.0026', 'financingDaysOfWeek': [{'dayOfWeek': 'MONDAY', 'daysCharged': 1}, {'dayOfWeek': 'TUESDAY', 'daysCharged': 1}, {'dayOfWeek': 'WEDNESDAY', 'daysCharged': 3}, {'dayOfWeek': 'THURSDAY', 'daysCharged': 1}, {'dayOfWeek': 'FRIDAY', 'daysCharged': 1}, {'dayOfWeek': 'SATURDAY', 'daysCharged': 0}, {'dayOfWeek': 'SUNDAY', 'daysCharged': 0}]}"
TRY_JPY,CURRENCY,TRY/JPY,-2,3,0,1,100.000,0.050,0,100000000,0.25,DISABLED,"[{'type': 'ASSET_CLASS', 'name': 'CURRENCY'}, {'type': 'BRAIN_ASSET_CLASS', 'name': 'FX'}]","{'longRate': '0', 'shortRate': '0', 'financingDaysOfWeek': [{'dayOfWeek': 'MONDAY', 'daysCharged': 0}, {'dayOfWeek': 'TUESDAY', 'daysCharged': 0}, {'dayOfWeek': 'WEDNESDAY', 'daysCharged': 4}, {'dayOfWeek': 'THURSDAY', 'daysCharged': 1}, {'dayOfWeek': 'FRIDAY', 'daysCharged': 0}, {'dayOfWeek': 'SATURDAY', 'daysCharged': 0}, {'dayOfWeek': 'SUNDAY', 'daysCharged': 0}]}"
SGD_JPY,CURRENCY,SGD/JPY,-2,3,0,1,100.000,0.050,0,100000000,0.05,DISABLED,"[{'type': 'ASSET_CLASS', 'name': 'CURRENCY'}, {'type': 'BRAIN_ASSET_CLASS', 'name': 'FX'}]","{'longRate': '0', 'shortRate': '0', 'financingDaysOfWeek': [{'dayOfWeek': 'MONDAY', 'daysCharged': 0}, {'dayOfWeek': 'TUESDAY', 'daysCharged': 0}, {'dayOfWeek': 'WEDNESDAY', 'daysCharged': 4}, {'dayOfWeek': 'THURSDAY', 'daysCharged': 1}, {'dayOfWeek': 'FRIDAY', 'daysCharged': 0}, {'dayOfWeek': 'SATURDAY', 'daysCharged': 0}, {'dayOfWeek': 'SUNDAY', 'daysCharged': 0}]}"
NZD_JPY,CURRENCY,NZD/JPY,-2,3,0,1,100.000,0.050,0,100000000,0.05,DISABLED,"[{'type': 'ASSET_CLASS', 'name': 'CURRENCY'}, {'type': 'BRAIN_ASSET_CLASS', 'name': 'FX'}]","{'longRate': '0', 'shortRate': '0', 'financingDaysOfWeek': [{'dayOfWeek': 'MONDAY', 'daysCharged': 0}, {'dayOfWeek': 'TUESDAY', 'daysCharged': 0}, {'dayOfWeek': 'WEDNESDAY', 'daysCharged': 4}, {'dayOfWeek': 'THURSDAY', 'daysCharged': 1}, {'dayOfWeek': 'FRIDAY', 'daysCharged': 0}, {'dayOfWeek': 'SATURDAY', 'daysCharged': 0}, {'dayOfWeek': 'SUNDAY', 'daysCharged': 0}]}"
AUD_SGD,CURRENCY,AUD/SGD,-4,5,0,1,1.00000,0.00050,0,100000000,0.05,DISABLED,"[{'type': 'ASSET_CLASS', 'name': 'CURRENCY'}, {'type': 'BRAIN_ASSET_CLASS', 'name': 'FX'}]","{'longRate': '-0.0091', 'shortRate': '-0.0155', 'financingDaysOfWeek': [{'dayOfWeek': 'MONDAY', 'daysCharged': 1}, {'dayOfWeek': 'TUESDAY', 'daysCharged': 1}, {'dayOfWeek': 'WEDNESDAY', 'daysCharged': 3}, {'dayOfWeek': 'THURSDAY', 'daysCharged': 1}, {'dayOfWeek': 'FRIDAY', 'daysCharged': 1}, {'dayOfWeek': 'SATURDAY', 'daysCharged': 0}, {'dayOfWeek': 'SUNDAY', 'daysCharged': 0}]}"
AUD_HKD,CURRENCY,AUD/HKD,-4,5,0,1,1.00000,0.00050,0,100000000,0.1,DISABLED,"[{'type': 'ASSET_CLASS', 'name': 'CURRENCY'}, {'type': 'BRAIN_ASSET_CLASS', 'name': 'FX'}]","{'longRate': '-0.0242', 'shortRate': '-0.0089', 'financingDaysOfWeek': [{'dayOfWeek': 'MONDAY', 'daysCharged': 1}, {'dayOfWeek': 'TUESDAY', 'daysCharged': 1}, {'dayOfWeek': 'WEDNESDAY', 'daysCharged': 3}, {'dayOfWeek': 'THURSDAY', 'daysCharged': 1}, {'dayOfWeek': 'FRIDAY', 'daysCharged': 1}, {'dayOfWeek': 'SATURDAY', 'daysCharged': 0}, {'dayOfWeek': 'SUNDAY', 'daysCharged': 0}]}"
GBP_USD,CURRENCY,GBP/USD,-4,5,0,1,1.00000,0.00050,0,50000000,0.05,DISABLED,"[{'type': 'ASSET_CLASS', 'name': 'CURRENCY'}, {'type': 'BRAIN_ASSET_CLASS', 'name': 'FX'}]","{'longRate': '-0.0124', 'shortRate': '-0.0078', 'financingDaysOfWeek': [{'dayOfWeek': 'MONDAY', 'daysCharged': 1}, {'dayOfWeek': 'TUESDAY', 'daysCharged': 1}, {'dayOfWeek': 'WEDNESDAY', 'daysCharged': 3}, {'dayOfWeek': 'THURSDAY', 'daysCharged': 1}, {'dayOfWeek': 'FRIDAY', 'daysCharged': 1}, {'dayOfWeek': 'SATURDAY', 'daysCharged': 0}, {'dayOfWeek': 'SUNDAY', 'daysCharged': 0}]}"
USD_MXN,CURRENCY,USD/MXN,-4,5,0,1,1.00000,0.00050,0,100000000,0.10,DISABLED,"[{'type': 'ASSET_CLASS', 'name': 'CURRENCY'}, {'type': 'BRAIN_ASSET_CLASS', 'name': 'FX'}]","{'longRate': '-0.0715', 'shortRate': '0.0443', 'financingDaysOfWeek': [{'dayOfWeek': 'MONDAY', 'daysCharged': 1}, {'dayOfWeek': 'TUESDAY', 'daysCharged': 1}, {'dayOfWeek': 'WEDNESDAY', 'daysCharged': 3}, {'dayOfWeek': 'THURSDAY', 'daysCharged': 1}, {'dayOfWeek': 'FRIDAY', 'daysCharged': 1}, {'dayOfWeek': 'SATURDAY', 'daysCharged': 0}, {'dayOfWeek': 'SUNDAY', 'daysCharged': 0}]}"
EUR_CHF,CURRENCY,EUR/CHF,-4,5,0,1,1.00000,0.00050,0,100000000,0.04,DISABLED,"[{'type': 'ASSET_CLASS', 'name': 'CURRENCY'}, {'type': 'BRAIN_ASSET_CLASS', 'name': 'FX'}]","{'longRate': '0.0124', 'shortRate': '-0.0344', 'financingDaysOfWeek': [{'dayOfWeek': 'MONDAY', 'daysCharged': 0}, {'dayOfWeek': 'TUESDAY', 'daysCharged': 1}, {'dayOfWeek': 'WEDNESDAY', 'daysCharged': 3}, {'dayOfWeek': 'THURSDAY', 'daysCharged': 1}, {'dayOfWeek': 'FRIDAY', 'daysCharged': 1}, {'dayOfWeek': 'SATURDAY', 'daysCharged': 0}, {'dayOfWeek': 'SUNDAY', 'daysCharged': 0}]}"
AUD_CHF,CURRENCY,AUD/CHF,-4,5,0,1,1.00000,0.00050,0,100000000,0.04,DISABLED,"[{'type': 'ASSET_CLASS', 'name': 'CURRENCY'}, {'type': 'BRAIN_ASSET_CLASS', 'name': 'FX'}]","{'longRate': '0.015', 'shortRate': '-0.0369', 'financingDaysOfWeek': [{'dayOfWeek': 'MONDAY', 'daysCharged': 0}, {'dayOfWeek': 'TUESDAY', 'daysCharged': 1}, {'dayOfWeek': 'WEDNESDAY', 'daysCharged': 3}, {'dayOfWeek': 'THURSDAY', 'daysCharged': 1}, {'dayOfWeek': 'FRIDAY', 'daysCharged': 1}, {'dayOfWeek': 'SATURDAY', 'daysCharged': 0}, {'dayOfWeek': 'SUNDAY', 'daysCharged': 0}]}"
ZAR_JPY,CURRENCY,ZAR/JPY,-2,3,0,1,100.000,0.005,0,100000000,0.07,DISABLED,"[{'type': 'ASSET_CLASS', 'name': 'CURRENCY'}, {'type': 'BRAIN_ASSET_CLASS', 'name': 'FX'}]","{'longRate': '0', 'shortRate': '0', 'financingDaysOfWeek': [{'dayOfWeek': 'MONDAY', 'daysCharged': 0}, {'dayOfWeek': 'TUESDAY', 'daysCharged': 0}, {'dayOfWeek': 'WEDNESDAY', 'daysCharged': 4}, {'dayOfWeek': 'THURSDAY', 'daysCharged': 1}, {'dayOfWeek': 'FRIDAY', 'daysCharged': 0}, {'dayOfWeek': 'SATURDAY', 'daysCharged': 0}, {'dayOfWeek': 'SUNDAY', 'daysCharged': 0}]}"
CHF_ZAR,CURRENCY,CHF/ZAR,-4,5,0,1,1.00000,0.00050,0,100000000,0.07,DISABLED,"[{'type': 'ASSET_CLASS', 'name': 'CURRENCY'}, {'type': 'BRAIN_ASSET_CLASS', 'name': 'FX'}]","{'longRate': '-0.1082', 'shortRate': '0.0259', 'financingDaysOfWeek': [{'dayOfWeek': 'MONDAY', 'daysCharged': 0}, {'dayOfWeek': 'TUESDAY', 'daysCharged': 1}, {'dayOfWeek': 'WEDNESDAY', 'daysCharged': 3}, {'dayOfWeek': 'THURSDAY', 'daysCharged': 1}, {'dayOfWeek': 'FRIDAY', 'daysCharged': 1}, {'dayOfWeek': 'SATURDAY', 'daysCharged': 0}, {'dayOfWeek': 'SUNDAY', 'daysCharged': 0}]}"
HKD_JPY,CURRENCY,HKD/JPY,-4,5,0,1,1.00000,0.00050,0,100000000,0.1,DISABLED,"[{'type': 'ASSET_CLASS', 'name': 'CURRENCY'}, {'type': 'BRAIN_ASSET_CLASS', 'name': 'FX'}]","{'longRate': '0', 'shortRate': '0', 'financingDaysOfWeek': [{'dayOfWeek': 'MONDAY', 'daysCharged': 0}, {'dayOfWeek': 'TUESDAY', 'daysCharged': 0}, {'dayOfWeek': 'WEDNESDAY', 'daysCharged': 4}, {'dayOfWeek': 'THURSDAY', 'daysCharged': 1}, {'dayOfWeek': 'FRIDAY', 'daysCharged': 0}, {'dayOfWeek': 'SATURDAY', 'daysCharged': 0}, {'dayOfWeek': 'SUNDAY', 'daysCharged': 0}]}"
EUR_PLN,CURRENCY,EUR/PLN,-4,5,0,1,1.00000,0.00050,0,100000000,0.05,DISABLED,"[{'type': 'ASSET_CLASS', 'name': 'CURRENCY'}, {'type': 'BRAIN_ASSET_CLASS', 'name': 'FX'}]","{'longRate': '-0.042', 'shortRate': '-0.0098', 'financingDaysOfWeek': [{'dayOfWeek': 'MONDAY', 'daysCharged': 1}, {'dayOfWeek': 'TUESDAY', 'daysCharged': 1}, {'dayOfWeek': 'WEDNESDAY', 'daysCharged': 3}, {'dayOfWeek': 'THURSDAY', 'daysCharged': 1}, {'dayOfWeek': 'FRIDAY', 'daysCharged': 1}, {'dayOfWeek': 'SATURDAY', 'daysCharged': 0}, {'dayOfWeek': 'SUNDAY', 'daysCharged': 0}]}"
USD_HKD,CURRENCY,USD/HKD,-4,5,0,1,1.00000,0.00050,0,100000000,0.1,DISABLED,"[{'type': 'ASSET_CLASS', 'name': 'CURRENCY'}, {'type': 'BRAIN_ASSET_CLASS', 'name': 'FX'}]","{'longRate': '-0.0114', 'shortRate': '-0.0207', 'financingDaysOfWeek': [{'dayOfWeek': 'MONDAY', 'daysCharged': 1}, {'dayOfWeek': 'TUESDAY', 'daysCharged': 1}, {'dayOfWeek': 'WEDNESDAY', 'daysCharged': 3}, {'dayOfWeek': 'THURSDAY', 'daysCharged': 1}, {'dayOfWeek': 'FRIDAY', 'daysCharged': 1}, {'dayOfWeek': 'SATURDAY', 'daysCharged': 0}, {'dayOfWeek': 'SUNDAY', 'daysCharged': 0}]}"
EUR_SGD,CURRENCY,EUR/SGD,-4,5,0,1,1.00000,0.00050,0,100000000,0.05,DISABLED,"[{'type': 'ASSET_CLASS', 'name': 'CURRENCY'}, {'type': 'BRAIN_ASSET_CLASS', 'name': 'FX'}]","{'longRate': '-0.0153', 'shortRate': '-0.017', 'financingDaysOfWeek': [{'dayOfWeek': 'MONDAY', 'daysCharged': 1}, {'dayOfWeek': 'TUESDAY', 'daysCharged': 1}, {'dayOfWeek': 'WEDNESDAY', 'daysCharged': 3}, {'dayOfWeek': 'THURSDAY', 'daysCharged': 1}, {'dayOfWeek': 'FRIDAY', 'daysCharged': 1}, {'dayOfWeek': 'SATURDAY', 'daysCharged': 0}, {'dayOfWeek': 'SUNDAY', 'daysCharged': 0}]}"
USD_SEK,CURRENCY,USD/SEK,-4,5,0,1,1.00000,0.00050,0,100000000,0.03,DISABLED,"[{'type': 'ASSET_CLASS', 'name': 'CURRENCY'}, {'type': 'BRAIN_ASSET_CLASS', 'name': 'FX'}]","{'longRate': '0.0051', 'shortRate': '-0.0253', 'financingDaysOfWeek': [{'dayOfWeek': 'MONDAY', 'daysCharged': 1}, {'dayOfWeek': 'TUESDAY', 'daysCharged': 1}, {'dayOfWeek': 'WEDNESDAY', 'daysCharged': 3}, {'dayOfWeek': 'THURSDAY', 'daysCharged': 1}, {'dayOfWeek': 'FRIDAY', 'daysCharged': 1}, {'dayOfWeek': 'SATURDAY', 'daysCharged': 0}, {'dayOfWeek': 'SUNDAY', 'daysCharged': 0}]}"
GBP_SGD,CURRENCY,GBP/SGD,-4,5,0,1,1.00000,0.00050,0,100000000,0.05,DISABLED,"[{'type': 'ASSET_CLASS', 'name': 'CURRENCY'}, {'type': 'BRAIN_ASSET_CLASS', 'name': 'FX'}]","{'longRate': '0.0011', 'shortRate': '-0.0253', 'financingDaysOfWeek': [{'dayOfWeek': 'MONDAY', 'daysCharged': 1}, {'dayOfWeek': 'TUESDAY', 'daysCharged': 1}, {'dayOfWeek': 'WEDNESDAY', 'daysCharged': 3}, {'dayOfWeek': 'THURSDAY', 'daysCharged': 1}, {'dayOfWeek': 'FRIDAY', 'daysCharged': 1}, {'dayOfWeek': 'SATURDAY', 'daysCharged': 0}, {'dayOfWeek': 'SUNDAY', 'daysCharged': 0}]}"
GBP_NZD,CURRENCY,GBP/NZD,-4,5,0,1,1.00000,0.00050,0,100000000,0.05,DISABLED,"[{'type': 'ASSET_CLASS', 'name': 'CURRENCY'}, {'type': 'BRAIN_ASSET_CLASS', 'name': 'FX'}]","{'longRate': '-0.011', 'shortRate': '-0.0099', 'financingDaysOfWeek': [{'dayOfWeek': 'MONDAY', 'daysCharged': 0}, {'dayOfWeek': 'TUESDAY', 'daysCharged': 1}, {'dayOfWeek': 'WEDNESDAY', 'daysCharged': 3}, {'dayOfWeek': 'THURSDAY', 'daysCharged': 1}, {'dayOfWeek': 'FRIDAY', 'daysCharged': 1}, {'dayOfWeek': 'SATURDAY', 'daysCharged': 0}, {'dayOfWeek': 'SUNDAY', 'daysCharged': 0}]}"
GBP_HKD,CURRENCY,GBP/HKD,-4,5,0,1,1.00000,0.00050,0,100000000,0.1,DISABLED,"[{'type': 'ASSET_CLASS', 'name': 'CURRENCY'}, {'type': 'BRAIN_ASSET_CLASS', 'name': 'FX'}]","{'longRate': '-0.0142', 'shortRate': '-0.0189', 'financingDaysOfWeek': [{'dayOfWeek': 'MONDAY', 'daysCharged': 1}, {'dayOfWeek': 'TUESDAY', 'daysCharged': 1}, {'dayOfWeek': 'WEDNESDAY', 'daysCharged': 3}, {'dayOfWeek': 'THURSDAY', 'daysCharged': 1}, {'dayOfWeek': 'FRIDAY', 'daysCharged': 1}, {'dayOfWeek': 'SATURDAY', 'daysCharged': 0}, {'dayOfWeek': 'SUNDAY', 'daysCharged': 0}]}"
EUR_HKD,CURRENCY,EUR/HKD,-4,5,0,1,1.00000,0.00050,0,100000000,0.1,DISABLED,"[{'type': 'ASSET_CLASS', 'name': 'CURRENCY'}, {'type': 'BRAIN_ASSET_CLASS', 'name': 'FX'}]","{'longRate': '-0.0262', 'shortRate': '-0.0066', 'financingDaysOfWeek': [{'dayOfWeek': 'MONDAY', 'daysCharged': 1}, {'dayOfWeek': 'TUESDAY', 'daysCharged': 1}, {'dayOfWeek': 'WEDNESDAY', 'daysCharged': 3}, {'dayOfWeek': 'THURSDAY', 'daysCharged': 1}, {'dayOfWeek': 'FRIDAY', 'daysCharged': 1}, {'dayOfWeek': 'SATURDAY', 'daysCharged': 0}, {'dayOfWeek': 'SUNDAY', 'daysCharged': 0}]}"
USD_JPY,CURRENCY,USD/JPY,-2,3,0,1,100.000,0.050,0,100000000,0.05,DISABLED,"[{'type': 'ASSET_CLASS', 'name': 'CURRENCY'}, {'type': 'BRAIN_ASSET_CLASS', 'name': 'FX'}]","{'longRate': '0', 'shortRate': '0', 'financingDaysOfWeek': [{'dayOfWeek': 'MONDAY', 'daysCharged': 0}, {'dayOfWeek': 'TUESDAY', 'daysCharged': 0}, {'dayOfWeek': 'WEDNESDAY', 'daysCharged': 4}, {'dayOfWeek': 'THURSDAY', 'daysCharged': 1}, {'dayOfWeek': 'FRIDAY', 'daysCharged': 0}, {'dayOfWeek': 'SATURDAY', 'daysCharged': 0}, {'dayOfWeek': 'SUNDAY', 'daysCharged': 0}]}"
EUR_TRY,CURRENCY,EUR/TRY,-4,5,0,1,1.00000,0.00050,0,10000000,0.25,DISABLED,"[{'type': 'ASSET_CLASS', 'name': 'CURRENCY'}, {'type': 'BRAIN_ASSET_CLASS', 'name': 'FX'}]","{'longRate': '-0.4984', 'shortRate': '0.3569', 'financingDaysOfWeek': [{'dayOfWeek': 'MONDAY', 'daysCharged': 1}, {'dayOfWeek': 'TUESDAY', 'daysCharged': 1}, {'dayOfWeek': 'WEDNESDAY', 'daysCharged': 3}, {'dayOfWeek': 'THURSDAY', 'daysCharged': 1}, {'dayOfWeek': 'FRIDAY', 'daysCharged': 1}, {'dayOfWeek': 'SATURDAY', 'daysCharged': 0}, {'dayOfWeek': 'SUNDAY', 'daysCharged': 0}]}"
USD_CHF,CURRENCY,USD/CHF,-4,5,0,1,1.00000,0.00050,0,100000000,0.04,DISABLED,"[{'type': 'ASSET_CLASS', 'name': 'CURRENCY'}, {'type': 'BRAIN_ASSET_CLASS', 'name': 'FX'}]","{'longRate': '0.0275', 'shortRate': '-0.0484', 'financingDaysOfWeek': [{'dayOfWeek': 'MONDAY', 'daysCharged': 0}, {'dayOfWeek': 'TUESDAY', 'daysCharged': 1}, {'dayOfWeek': 'WEDNESDAY', 'daysCharged': 3}, {'dayOfWeek': 'THURSDAY', 'daysCharged': 1}, {'dayOfWeek': 'FRIDAY', 'daysCharged': 1}, {'dayOfWeek': 'SATURDAY', 'daysCharged': 0}, {'dayOfWeek': 'SUNDAY', 'daysCharged': 0}]}"
AUD_NZD,CURRENCY,AUD/NZD,-4,5,0,1,1.00000,0.00050,0,100000000,0.03,DISABLED,"[{'type': 'ASSET_CLASS', 'name': 'CURRENCY'}, {'type': 'BRAIN_ASSET_CLASS', 'name': 'FX'}]","{'longRate': '-0.021', 'shortRate': '0', 'financingDaysOfWeek': [{'dayOfWeek': 'MONDAY', 'daysCharged': 0}, {'dayOfWeek': 'TUESDAY', 'daysCharged': 1}, {'dayOfWeek': 'WEDNESDAY', 'daysCharged': 3}, {'dayOfWeek': 'THURSDAY', 'daysCharged': 1}, {'dayOfWeek': 'FRIDAY', 'daysCharged': 1}, {'dayOfWeek': 'SATURDAY', 'daysCharged': 0}, {'dayOfWeek': 'SUNDAY', 'daysCharged': 0}]}"
SGD_CHF,CURRENCY,SGD/CHF,-4,5,0,1,1.00000,0.00050,0,100000000,0.05,DISABLED,"[{'type': 'ASSET_CLASS', 'name': 'CURRENCY'}, {'type': 'BRAIN_ASSET_CLASS', 'name': 'FX'}]","{'longRate': '0.0107', 'shortRate': '-0.0342', 'financingDaysOfWeek': [{'dayOfWeek': 'MONDAY', 'daysCharged': 0}, {'dayOfWeek': 'TUESDAY', 'daysCharged': 1}, {'dayOfWeek': 'WEDNESDAY', 'daysCharged': 3}, {'dayOfWeek': 'THURSDAY', 'daysCharged': 1}, {'dayOfWeek': 'FRIDAY', 'daysCharged': 1}, {'dayOfWeek': 'SATURDAY', 'daysCharged': 0}, {'dayOfWeek': 'SUNDAY', 'daysCharged': 0}]}"
GBP_ZAR,CURRENCY,GBP/ZAR,-4,5,0,1,1.00000,0.00050,0,100000000,0.07,DISABLED,"[{'type': 'ASSET_CLASS', 'name': 'CURRENCY'}, {'type': 'BRAIN_ASSET_CLASS', 'name': 'FX'}]","{'longRate': '-0.0519', 'shortRate': '0.011', 'financingDaysOfWeek': [{'dayOfWeek': 'MONDAY', 'daysCharged': 1}, {'dayOfWeek': 'TUESDAY', 'daysCharged': 1}, {'dayOfWeek': 'WEDNESDAY', 'daysCharged': 3}, {'dayOfWeek': 'THURSDAY', 'daysCharged': 1}, {'dayOfWeek': 'FRIDAY', 'daysCharged': 1}, {'dayOfWeek': 'SATURDAY', 'daysCharged': 0}, {'dayOfWeek': 'SUNDAY', 'daysCharged': 0}]}"
USD_NOK,CURRENCY,USD/NOK,-4,5,0,1,1.00000,0.00050,0,100000000,0.07,DISABLED,"[{'type': 'ASSET_CLASS', 'name': 'CURRENCY'}, {'type': 'BRAIN_ASSET_CLASS', 'name': 'FX'}]","{'longRate': '0.00060', 'shortRate': '-0.0208', 'financingDaysOfWeek': [{'dayOfWeek': 'MONDAY', 'daysCharged': 1}, {'dayOfWeek': 'TUESDAY', 'daysCharged': 1}, {'dayOfWeek': 'WEDNESDAY', 'daysCharged': 3}, {'dayOfWeek': 'THURSDAY', 'daysCharged': 1}, {'dayOfWeek': 'FRIDAY', 'daysCharged': 1}, {'dayOfWeek': 'SATURDAY', 'daysCharged': 0}, {'dayOfWeek': 'SUNDAY', 'daysCharged': 0}]}"
AUD_USD,CURRENCY,AUD/USD,-4,5,0,1,1.00000,0.00050,0,100000000,0.03,DISABLED,"[{'type': 'ASSET_CLASS', 'name': 'CURRENCY'}, {'type': 'BRAIN_ASSET_CLASS', 'name': 'FX'}]","{'longRate': '-0.0225', 'shortRate': '0.0021', 'financingDaysOfWeek': [{'dayOfWeek': 'MONDAY', 'daysCharged': 1}, {'dayOfWeek': 'TUESDAY', 'daysCharged': 1}, {'dayOfWeek': 'WEDNESDAY', 'daysCharged': 3}, {'dayOfWeek': 'THURSDAY', 'daysCharged': 1}, {'dayOfWeek': 'FRIDAY', 'daysCharged': 1}, {'dayOfWeek': 'SATURDAY', 'daysCharged': 0}, {'dayOfWeek': 'SUNDAY', 'daysCharged': 0}]}"
EUR_HUF,CURRENCY,EUR/HUF,-2,3,0,1,100.000,0.050,0,100000000,0.05,DISABLED,"[{'type': 'ASSET_CLASS', 'name': 'CURRENCY'}, {'type': 'BRAIN_ASSET_CLASS', 'name': 'FX'}]","{'longRate': '-0.1037', 'shortRate': '0.0237', 'financingDaysOfWeek': [{'dayOfWeek': 'MONDAY', 'daysCharged': 1}, {'dayOfWeek': 'TUESDAY', 'daysCharged': 1}, {'dayOfWeek': 'WEDNESDAY', 'daysCharged': 3}, {'dayOfWeek': 'THURSDAY', 'daysCharged': 1}, {'dayOfWeek': 'FRIDAY', 'daysCharged': 1}, {'dayOfWeek': 'SATURDAY', 'daysCharged': 0}, {'dayOfWeek': 'SUNDAY', 'daysCharged': 0}]}"
CAD_SGD,CURRENCY,CAD/SGD,-4,5,0,1,1.00000,0.00050,0,100000000,0.05,DISABLED,"[{'type': 'ASSET_CLASS', 'name': 'CURRENCY'}, {'type': 'BRAIN_ASSET_CLASS', 'name': 'FX'}]","{'longRate': '-0.0074', 'shortRate': '-0.0272', 'financingDaysOfWeek': [{'dayOfWeek': 'MONDAY', 'daysCharged': 1}, {'dayOfWeek': 'TUESDAY', 'daysCharged': 1}, {'dayOfWeek': 'WEDNESDAY', 'daysCharged': 3}, {'dayOfWeek': 'THURSDAY', 'daysCharged': 1}, {'dayOfWeek': 'FRIDAY', 'daysCharged': 1}, {'dayOfWeek': 'SATURDAY', 'daysCharged': 0}, {'dayOfWeek': 'SUNDAY', 'daysCharged': 0}]}"
EUR_CAD,CURRENCY,EUR/CAD,-4,5,0,1,1.00000,0.00050,0,100000000,0.02,DISABLED,"[{'type': 'ASSET_CLASS', 'name': 'CURRENCY'}, {'type': 'BRAIN_ASSET_CLASS', 'name': 'FX'}]","{'longRate': '-0.0195', 'shortRate': '-0.002', 'financingDaysOfWeek': [{'dayOfWeek': 'MONDAY', 'daysCharged': 1}, {'dayOfWeek': 'TUESDAY', 'daysCharged': 1}, {'dayOfWeek': 'WEDNESDAY', 'daysCharged': 3}, {'dayOfWeek': 'THURSDAY', 'daysCharged': 1}, {'dayOfWeek': 'FRIDAY', 'daysCharged': 1}, {'dayOfWeek': 'SATURDAY', 'daysCharged': 0}, {'dayOfWeek': 'SUNDAY', 'daysCharged': 0}]}"
USD_HUF,CURRENCY,USD/HUF,-2,3,0,1,100.000,0.050,0,100000000,0.05,DISABLED,"[{'type': 'ASSET_CLASS', 'name': 'CURRENCY'}, {'type': 'BRAIN_ASSET_CLASS', 'name': 'FX'}]","{'longRate': '-0.071', 'shortRate': '0.0274', 'financingDaysOfWeek': [{'dayOfWeek': 'MONDAY', 'daysCharged': 1}, {'dayOfWeek': 'TUESDAY', 'daysCharged': 1}, {'dayOfWeek': 'WEDNESDAY', 'daysCharged': 3}, {'dayOfWeek': 'THURSDAY', 'daysCharged': 1}, {'dayOfWeek': 'FRIDAY', 'daysCharged': 1}, {'dayOfWeek': 'SATURDAY', 'daysCharged': 0}, {'dayOfWeek': 'SUNDAY', 'daysCharged': 0}]}"
NZD_SGD,CURRENCY,NZD/SGD,-4,5,0,1,1.00000,0.00050,0,100000000,0.05,DISABLED,"[{'type': 'ASSET_CLASS', 'name': 'CURRENCY'}, {'type': 'BRAIN_ASSET_CLASS', 'name': 'FX'}]","{'longRate': '0.001', 'shortRate': '-0.0264', 'financingDaysOfWeek': [{'dayOfWeek': 'MONDAY', 'daysCharged': 0}, {'dayOfWeek': 'TUESDAY', 'daysCharged': 1}, {'dayOfWeek': 'WEDNESDAY', 'daysCharged': 3}, {'dayOfWeek': 'THURSDAY', 'daysCharged': 1}, {'dayOfWeek': 'FRIDAY', 'daysCharged': 1}, {'dayOfWeek': 'SATURDAY', 'daysCharged': 0}, {'dayOfWeek': 'SUNDAY', 'daysCharged': 0}]}"
EUR_JPY,CURRENCY,EUR/JPY,-2,3,0,1,100.000,0.050,0,100000000,0.05,DISABLED,"[{'type': 'ASSET_CLASS', 'name': 'CURRENCY'}, {'type': 'BRAIN_ASSET_CLASS', 'name': 'FX'}]","{'longRate': '0', 'shortRate': '0', 'financingDaysOfWeek': [{'dayOfWeek': 'MONDAY', 'daysCharged': 0}, {'dayOfWeek': 'TUESDAY', 'daysCharged': 0}, {'dayOfWeek': 'WEDNESDAY', 'daysCharged': 4}, {'dayOfWeek': 'THURSDAY', 'daysCharged': 1}, {'dayOfWeek': 'FRIDAY', 'daysCharged': 0}, {'dayOfWeek': 'SATURDAY', 'daysCharged': 0}, {'dayOfWeek': 'SUNDAY', 'daysCharged': 0}]}"
GBP_PLN,CURRENCY,GBP/PLN,-4,5,0,1,1.00000,0.00050,0,100000000,0.05,DISABLED,"[{'type': 'ASSET_CLASS', 'name': 'CURRENCY'}, {'type': 'BRAIN_ASSET_CLASS', 'name': 'FX'}]","{'longRate': '-0.0155', 'shortRate': '-0.0076', 'financingDaysOfWeek': [{'dayOfWeek': 'MONDAY', 'daysCharged': 1}, {'dayOfWeek': 'TUESDAY', 'daysCharged': 1}, {'dayOfWeek': 'WEDNESDAY', 'daysCharged': 3}, {'dayOfWeek': 'THURSDAY', 'daysCharged': 1}, {'dayOfWeek': 'FRIDAY', 'daysCharged': 1}, {'dayOfWeek': 'SATURDAY', 'daysCharged': 0}, {'dayOfWeek': 'SUNDAY', 'daysCharged': 0}]}"
CHF_JPY,CURRENCY,CHF/JPY,-2,3,0,1,100.000,0.050,0,100000000,0.05,DISABLED,"[{'type': 'ASSET_CLASS', 'name': 'CURRENCY'}, {'type': 'BRAIN_ASSET_CLASS', 'name': 'FX'}]","{'longRate': '0', 'shortRate': '0', 'financingDaysOfWeek': [{'dayOfWeek': 'MONDAY', 'daysCharged': 0}, {'dayOfWeek': 'TUESDAY', 'daysCharged': 0}, {'dayOfWeek': 'WEDNESDAY', 'daysCharged': 4}, {'dayOfWeek': 'THURSDAY', 'daysCharged': 1}, {'dayOfWeek': 'FRIDAY', 'daysCharged': 0}, {'dayOfWeek': 'SATURDAY', 'daysCharged': 0}, {'dayOfWeek': 'SUNDAY', 'daysCharged': 0}]}"
USD_CNH,CURRENCY,USD/CNH,-4,5,0,1,1.00000,0.00050,0,100000000,0.05,DISABLED,"[{'type': 'ASSET_CLASS', 'name': 'CURRENCY'}, {'type': 'BRAIN_ASSET_CLASS', 'name': 'FX'}]","{'longRate': '0.0017', 'shortRate': '-0.037', 'financingDaysOfWeek': [{'dayOfWeek': 'MONDAY', 'daysCharged': 1}, {'dayOfWeek': 'TUESDAY', 'daysCharged': 1}, {'dayOfWeek': 'WEDNESDAY', 'daysCharged': 3}, {'dayOfWeek': 'THURSDAY', 'daysCharged': 1}, {'dayOfWeek': 'FRIDAY', 'daysCharged': 1}, {'dayOfWeek': 'SATURDAY', 'daysCharged': 0}, {'dayOfWeek': 'SUNDAY', 'daysCharged': 0}]}"
AUD_CAD,CURRENCY,AUD/CAD,-4,5,0,1,1.00000,0.00050,0,100000000,0.03,DISABLED,"[{'type': 'ASSET_CLASS', 'name': 'CURRENCY'}, {'type': 'BRAIN_ASSET_CLASS', 'name': 'FX'}]","{'longRate': '-0.0173', 'shortRate': '-0.0043', 'financingDaysOfWeek': [{'dayOfWeek': 'MONDAY', 'daysCharged': 1}, {'dayOfWeek': 'TUESDAY', 'daysCharged': 1}, {'dayOfWeek': 'WEDNESDAY', 'daysCharged': 3}, {'dayOfWeek': 'THURSDAY', 'daysCharged': 1}, {'dayOfWeek': 'FRIDAY', 'daysCharged': 1}, {'dayOfWeek': 'SATURDAY', 'daysCharged': 0}, {'dayOfWeek': 'SUNDAY', 'daysCharged': 0}]}"
USD_DKK,CURRENCY,USD/DKK,-4,5,0,1,1.00000,0.00050,0,100000000,0.02,DISABLED,"[{'type': 'ASSET_CLASS', 'name': 'CURRENCY'}, {'type': 'BRAIN_ASSET_CLASS', 'name': 'FX'}]","{'longRate': '0.0082', 'shortRate': '-0.0286', 'financingDaysOfWeek': [{'dayOfWeek': 'MONDAY', 'daysCharged': 1}, {'dayOfWeek': 'TUESDAY', 'daysCharged': 1}, {'dayOfWeek': 'WEDNESDAY', 'daysCharged': 3}, {'dayOfWeek': 'THURSDAY', 'daysCharged': 1}, {'dayOfWeek': 'FRIDAY', 'daysCharged': 1}, {'dayOfWeek': 'SATURDAY', 'daysCharged': 0}, {'dayOfWeek': 'SUNDAY', 'daysCharged': 0}]}"
EUR_DKK,CURRENCY,EUR/DKK,-4,5,0,1,1.00000,0.00050,0,100000000,0.1,DISABLED,"[{'type': 'ASSET_CLASS', 'name': 'CURRENCY'}, {'type': 'BRAIN_ASSET_CLASS', 'name': 'FX'}]","{'longRate': '-0.0067', 'shortRate': '-0.0146', 'financingDaysOfWeek': [{'dayOfWeek': 'MONDAY', 'daysCharged': 1}, {'dayOfWeek': 'TUESDAY', 'daysCharged': 1}, {'dayOfWeek': 'WEDNESDAY', 'daysCharged': 3}, {'dayOfWeek': 'THURSDAY', 'daysCharged': 1}, {'dayOfWeek': 'FRIDAY', 'daysCharged': 1}, {'dayOfWeek': 'SATURDAY', 'daysCharged': 0}, {'dayOfWeek': 'SUNDAY', 'daysCharged': 0}]}"
USD_CZK,CURRENCY,USD/CZK,-4,5,0,1,1.00000,0.00050,0,100000000,0.05,DISABLED,"[{'type': 'ASSET_CLASS', 'name': 'CURRENCY'}, {'type': 'BRAIN_ASSET_CLASS', 'name': 'FX'}]","{'longRate': '-0.0336', 'shortRate': '-0.0076', 'financingDaysOfWeek': [{'dayOfWeek': 'MONDAY', 'daysCharged': 1}, {'dayOfWeek': 'TUESDAY', 'daysCharged': 1}, {'dayOfWeek': 'WEDNESDAY', 'daysCharged': 3}, {'dayOfWeek': 'THURSDAY', 'daysCharged': 1}, {'dayOfWeek': 'FRIDAY', 'daysCharged': 1}, {'dayOfWeek': 'SATURDAY', 'daysCharged': 0}, {'dayOfWeek': 'SUNDAY', 'daysCharged': 0}]}"
EUR_GBP,CURRENCY,EUR/GBP,-4,5,0,1,1.00000,0.00050,0,100000000,0.05,DISABLED,"[{'type': 'ASSET_CLASS', 'name': 'CURRENCY'}, {'type': 'BRAIN_ASSET_CLASS', 'name': 'FX'}]","{'longRate': '-0.0231', 'shortRate': '0.0014', 'financingDaysOfWeek': [{'dayOfWeek': 'MONDAY', 'daysCharged': 1}, {'dayOfWeek': 'TUESDAY', 'daysCharged': 1}, {'dayOfWeek': 'WEDNESDAY', 'daysCharged': 3}, {'dayOfWeek': 'THURSDAY', 'daysCharged': 1}, {'dayOfWeek': 'FRIDAY', 'daysCharged': 1}, {'dayOfWeek': 'SATURDAY', 'daysCharged': 0}, {'dayOfWeek': 'SUNDAY', 'daysCharged': 0}]}"
NZD_USD,CURRENCY,NZD/USD,-4,5,0,1,1.00000,0.00050,0,100000000,0.03,DISABLED,"[{'type': 'ASSET_CLASS', 'name': 'CURRENCY'}, {'type': 'BRAIN_ASSET_CLASS', 'name': 'FX'}]","{'longRate': '-0.0122', 'shortRate': '-0.0087', 'financingDaysOfWeek': [{'dayOfWeek': 'MONDAY', 'daysCharged': 0}, {'dayOfWeek': 'TUESDAY', 'daysCharged': 1}, {'dayOfWeek': 'WEDNESDAY', 'daysCharged': 3}, {'dayOfWeek': 'THURSDAY', 'daysCharged': 1}, {'dayOfWeek': 'FRIDAY', 'daysCharged': 1}, {'dayOfWeek': 'SATURDAY', 'daysCharged': 0}, {'dayOfWeek': 'SUNDAY', 'daysCharged': 0}]}"
USD_CAD,CURRENCY,USD/CAD,-4,5,0,1,1.00000,0.00050,0,100000000,0.02,DISABLED,"[{'type': 'ASSET_CLASS', 'name': 'CURRENCY'}, {'type': 'BRAIN_ASSET_CLASS', 'name': 'FX'}]","{'longRate': '-0.0045', 'shortRate': '-0.0162', 'financingDaysOfWeek': [{'dayOfWeek': 'MONDAY', 'daysCharged': 1}, {'dayOfWeek': 'TUESDAY', 'daysCharged': 1}, {'dayOfWeek': 'WEDNESDAY', 'daysCharged': 1}, {'dayOfWeek': 'THURSDAY', 'daysCharged': 3}, {'dayOfWeek': 'FRIDAY', 'daysCharged': 1}, {'dayOfWeek': 'SATURDAY', 'daysCharged': 0}, {'dayOfWeek': 'SUNDAY', 'daysCharged': 0}]}"
EUR_CZK,CURRENCY,EUR/CZK,-4,5,0,1,1.00000,0.00050,0,100000000,0.05,DISABLED,"[{'type': 'ASSET_CLASS', 'name': 'CURRENCY'}, {'type': 'BRAIN_ASSET_CLASS', 'name': 'FX'}]","{'longRate': '-0.0537', 'shortRate': '0.0013', 'financingDaysOfWeek': [{'dayOfWeek': 'MONDAY', 'daysCharged': 1}, {'dayOfWeek': 'TUESDAY', 'daysCharged': 1}, {'dayOfWeek': 'WEDNESDAY', 'daysCharged': 3}, {'dayOfWeek': 'THURSDAY', 'daysCharged': 1}, {'dayOfWeek': 'FRIDAY', 'daysCharged': 1}, {'dayOfWeek': 'SATURDAY', 'daysCharged': 0}, {'dayOfWeek': 'SUNDAY', 'daysCharged': 0}]}"
CAD_CHF,CURRENCY,CAD/CHF,-4,5,0,1,1.00000,0.00050,0,100000000,0.04,DISABLED,"[{'type': 'ASSET_CLASS', 'name': 'CURRENCY'}, {'type': 'BRAIN_ASSET_CLASS', 'name': 'FX'}]","{'longRate': '0.0209', 'shortRate': '-0.0432', 'financingDaysOfWeek': [{'dayOfWeek': 'MONDAY', 'daysCharged': 0}, {'dayOfWeek': 'TUESDAY', 'daysCharged': 1}, {'dayOfWeek': 'WEDNESDAY', 'daysCharged': 3}, {'dayOfWeek': 'THURSDAY', 'daysCharged': 1}, {'dayOfWeek': 'FRIDAY', 'daysCharged': 1}, {'dayOfWeek': 'SATURDAY', 'daysCharged': 0}, {'dayOfWeek': 'SUNDAY', 'daysCharged': 0}]}"
NZD_HKD,CURRENCY,NZD/HKD,-4,5,0,1,1.00000,0.00050,0,100000000,0.1,DISABLED,"[{'type': 'ASSET_CLASS', 'name': 'CURRENCY'}, {'type': 'BRAIN_ASSET_CLASS', 'name': 'FX'}]","{'longRate': '-0.0135', 'shortRate': '-0.0193', 'financingDaysOfWeek': [{'dayOfWeek': 'MONDAY', 'daysCharged': 0}, {'dayOfWeek': 'TUESDAY', 'daysCharged': 1}, {'dayOfWeek': 'WEDNESDAY', 'daysCharged': 3}, {'dayOfWeek': 'THURSDAY', 'daysCharged': 1}, {'dayOfWeek': 'FRIDAY', 'daysCharged': 1}, {'dayOfWeek': 'SATURDAY', 'daysCharged': 0}, {'dayOfWeek': 'SUNDAY', 'daysCharged': 0}]}"
NZD_CHF,CURRENCY,NZD/CHF,-4,5,0,1,1.00000,0.00050,0,100000000,0.04,DISABLED,"[{'type': 'ASSET_CLASS', 'name': 'CURRENCY'}, {'type': 'BRAIN_ASSET_CLASS', 'name': 'FX'}]","{'longRate': '0.0258', 'shortRate': '-0.0472', 'financingDaysOfWeek': [{'dayOfWeek': 'MONDAY', 'daysCharged': 0}, {'dayOfWeek': 'TUESDAY', 'daysCharged': 1}, {'dayOfWeek': 'WEDNESDAY', 'daysCharged': 3}, {'dayOfWeek': 'THURSDAY', 'daysCharged': 1}, {'dayOfWeek': 'FRIDAY', 'daysCharged': 1}, {'dayOfWeek': 'SATURDAY', 'daysCharged': 0}, {'dayOfWeek': 'SUNDAY', 'daysCharged': 0}]}"
EUR_USD,CURRENCY,EUR/USD,-4,5,0,1,1.00000,0.00050,0,100000000,0.02,DISABLED,"[{'type': 'ASSET_CLASS', 'name': 'CURRENCY'}, {'type': 'BRAIN_ASSET_CLASS', 'name': 'FX'}]","{'longRate': '-0.0248', 'shortRate': '0.0041', 'financingDaysOfWeek': [{'dayOfWeek': 'MONDAY', 'daysCharged': 1}, {'dayOfWeek': 'TUESDAY', 'daysCharged': 1}, {'dayOfWeek': 'WEDNESDAY', 'daysCharged': 3}, {'dayOfWeek': 'THURSDAY', 'daysCharged': 1}, {'dayOfWeek': 'FRIDAY', 'daysCharged': 1}, {'dayOfWeek': 'SATURDAY', 'daysCharged': 0}, {'dayOfWeek': 'SUNDAY', 'daysCharged': 0}]}"
GBP_JPY,CURRENCY,GBP/JPY,-2,3,0,1,100.000,0.050,0,50000000,0.05,DISABLED,"[{'type': 'ASSET_CLASS', 'name': 'CURRENCY'}, {'type': 'BRAIN_ASSET_CLASS', 'name': 'FX'}]","{'longRate': '0', 'shortRate': '0', 'financingDaysOfWeek': [{'dayOfWeek': 'MONDAY', 'daysCharged': 0}, {'dayOfWeek': 'TUESDAY', 'daysCharged': 0}, {'dayOfWeek': 'WEDNESDAY', 'daysCharged': 4}, {'dayOfWeek': 'THURSDAY', 'daysCharged': 1}, {'dayOfWeek': 'FRIDAY', 'daysCharged': 0}, {'dayOfWeek': 'SATURDAY', 'daysCharged': 0}, {'dayOfWeek': 'SUNDAY', 'daysCharged': 0}]}"
USD_TRY,CURRENCY,USD/TRY,-4,5,0,1,1.00000,0.00050,0,10000000,0.25,DISABLED,"[{'type': 'ASSET_CLASS', 'name': 'CURRENCY'}, {'type': 'BRAIN_ASSET_CLASS', 'name': 'FX'}]","{'longRate': '-0.4779', 'shortRate': '0.337', 'financingDaysOfWeek': [{'dayOfWeek': 'MONDAY', 'daysCharged': 1}, {'dayOfWeek': 'TUESDAY', 'daysCharged': 1}, {'dayOfWeek': 'WEDNESDAY', 'daysCharged': 1}, {'dayOfWeek': 'THURSDAY', 'daysCharged': 3}, {'dayOfWeek': 'FRIDAY', 'daysCharged': 1}, {'dayOfWeek': 'SATURDAY', 'daysCharged': 0}, {'dayOfWeek': 'SUNDAY', 'daysCharged': 0}]}"
CHF_HKD,CURRENCY,CHF/HKD,-4,5,0,1,1.00000,0.00050,0,100000000,0.1,DISABLED,"[{'type': 'ASSET_CLASS', 'name': 'CURRENCY'}, {'type': 'BRAIN_ASSET_CLASS', 'name': 'FX'}]","{'longRate': '-0.0498', 'shortRate': '0.0167', 'financingDaysOfWeek': [{'dayOfWeek': 'MONDAY', 'daysCharged': 0}, {'dayOfWeek': 'TUESDAY', 'daysCharged': 1}, {'dayOfWeek': 'WEDNESDAY', 'daysCharged': 3}, {'dayOfWeek': 'THURSDAY', 'daysCharged': 1}, {'dayOfWeek': 'FRIDAY', 'daysCharged': 1}, {'dayOfWeek': 'SATURDAY', 'daysCharged': 0}, {'dayOfWeek': 'SUNDAY', 'daysCharged': 0}]}"
NZD_CAD,CURRENCY,NZD/CAD,-4,5,0,1,1.00000,0.00050,0,100000000,0.03,DISABLED,"[{'type': 'ASSET_CLASS', 'name': 'CURRENCY'}, {'type': 'BRAIN_ASSET_CLASS', 'name': 'FX'}]","{'longRate': '-0.0065', 'shortRate': '-0.0148', 'financingDaysOfWeek': [{'dayOfWeek': 'MONDAY', 'daysCharged': 0}, {'dayOfWeek': 'TUESDAY', 'daysCharged': 1}, {'dayOfWeek': 'WEDNESDAY', 'daysCharged': 3}, {'dayOfWeek': 'THURSDAY', 'daysCharged': 1}, {'dayOfWeek': 'FRIDAY', 'daysCharged': 1}, {'dayOfWeek': 'SATURDAY', 'daysCharged': 0}, {'dayOfWeek': 'SUNDAY', 'daysCharged': 0}]}"
EUR_NZD,CURRENCY,EUR/NZD,-4,5,0,1,1.00000,0.00050,0,100000000,0.03,DISABLED,"[{'type': 'ASSET_CLASS', 'name': 'CURRENCY'}, {'type': 'BRAIN_ASSET_CLASS', 'name': 'FX'}]","{'longRate': '-0.0233', 'shortRate': '0.0023', 'financingDaysOfWeek': [{'dayOfWeek': 'MONDAY', 'daysCharged': 0}, {'dayOfWeek': 'TUESDAY', 'daysCharged': 1}, {'dayOfWeek': 'WEDNESDAY', 'daysCharged': 3}, {'dayOfWeek': 'THURSDAY', 'daysCharged': 1}, {'dayOfWeek': 'FRIDAY', 'daysCharged': 1}, {'dayOfWeek': 'SATURDAY', 'daysCharged': 0}, {'dayOfWeek': 'SUNDAY', 'daysCharged': 0}]}"
GBP_CAD,CURRENCY,GBP/CAD,-4,5,0,1,1.00000,0.00050,0,100000000,0.05,DISABLED,"[{'type': 'ASSET_CLASS', 'name': 'CURRENCY'}, {'type': 'BRAIN_ASSET_CLASS', 'name': 'FX'}]","{'longRate': '-0.0074', 'shortRate': '-0.0143', 'financingDaysOfWeek': [{'dayOfWeek': 'MONDAY', 'daysCharged': 1}, {'dayOfWeek': 'TUESDAY', 'daysCharged': 1}, {'dayOfWeek': 'WEDNESDAY', 'daysCharged': 3}, {'dayOfWeek': 'THURSDAY', 'daysCharged': 1}, {'dayOfWeek': 'FRIDAY', 'daysCharged': 1}, {'dayOfWeek': 'SATURDAY', 'daysCharged': 0}, {'dayOfWeek': 'SUNDAY', 'daysCharged': 0}]}"
EUR_AUD,CURRENCY,EUR/AUD,-4,5,0,1,1.00000,0.00050,0,100000000,0.03,DISABLED,"[{'type': 'ASSET_CLASS', 'name': 'CURRENCY'}, {'type': 'BRAIN_ASSET_CLASS', 'name': 'FX'}]","{'longRate': '-0.0127', 'shortRate': '-0.0082', 'financingDaysOfWeek': [{'dayOfWeek': 'MONDAY', 'daysCharged': 1}, {'dayOfWeek': 'TUESDAY', 'daysCharged': 1}, {'dayOfWeek': 'WEDNESDAY', 'daysCharged': 3}, {'dayOfWeek': 'THURSDAY', 'daysCharged': 1}, {'dayOfWeek': 'FRIDAY', 'daysCharged': 1}, {'dayOfWeek': 'SATURDAY', 'daysCharged': 0}, {'dayOfWeek': 'SUNDAY', 'daysCharged': 0}]}"
